id,name,email,linkedin,company1,Alex,alex@example.com,linkedin.com,TechValidate2,Bob,bob@example.com,bob.com,TechValidate3,Amy,amy@sm.com,sarah.com,SurveyMonkey4,Josh,josh@exmaple.com,josh.com,TechValidate5,Ben,ben@exmaple.com,ben.com,Adidas6,Sarah,sarah@sm.com,sarah.com,SurveyMonkey7,Eric,eric@exmaple.com,eric.com,TechValidate8,Lizzie,Lizzie@sm.com,sarah.com,SurveyMonkey9,Phil,phil@example.com,sarah.com,SurveyMonkey10,Mary,mary@tv.com,sarah.com,SurveyMonkey11,Alex,alex@rv.com,sarah.com,Health12,Kane,kane@asdf.com,dead.com,Emoney13,David,david@asdf.com,dead.com,Emoney14,Peter,Peter@asdf.com,dead.com,Health